capture_id,client,ap,protocol,condition,preparation_s,planned_duration_s,decoded_rows,observed_reports,rejected_reports
CAP0001,C01,AP01,availability,aislado-t0-vacio-r01,0,300,222,222,0
CAP0002,C01,AP01,availability,aislado-t0-vacio-r02,0,300,225,225,0
CAP0003,C01,AP01,availability,aislado-t0-vacio-r03,0,300,225,225,0
CAP0004,C01,AP01,availability,aislado-t1-vacio-r01,0,300,225,225,0
CAP0005,C01,AP01,availability,aislado-t1-vacio-r02,0,300,224,224,0
CAP0006,C01,AP01,availability,aislado-t1-vacio-r03,0,300,225,225,0
CAP0007,C01,AP01,movement,b-pr03-naranja-s01-lateral-r01,120,420,314,314,0
CAP0008,C01,AP01,movement,b-pr03-naranja-s01-lateral-r02,120,420,315,315,0
CAP0009,C01,AP01,movement,b-pr03-naranja-s01-quieto-e1-r01,120,420,315,315,0
CAP0010,C01,AP01,movement,b-pr03-naranja-s01-quieto-e2-r01,120,420,315,315,0
CAP0011,C01,AP01,movement,b-pr03-naranja-s01-recorrido-r01,120,420,315,315,0
CAP0012,C01,AP01,movement,b-pr03-naranja-s01-recorrido-r02,120,420,314,314,0
CAP0013,C01,AP01,movement,b-pr03-naranja-s01-vacio-r01,120,420,316,316,0
CAP0014,C01,AP01,movement,b-pr03-naranja-s01-vacio-r02,120,420,314,314,0
CAP0015,C01,AP01,movement,b-pr03-naranja-s01-vacio-r03,120,420,314,314,0
CAP0016,C01,AP01,movement,b-pr03-naranja-s02-principal-r01,120,420,312,312,0
CAP0017,C01,AP01,movement,b-pr03-naranja-s02-principal-r02,120,420,318,318,0
CAP0018,C01,AP01,movement,b-pr03-naranja-s02-quieto-e1-r01,120,420,315,315,0
CAP0019,C01,AP01,movement,b-pr03-naranja-s02-quieto-e2-r01,120,420,313,313,0
CAP0020,C01,AP01,movement,b-pr03-naranja-s02-vacio-r01,120,420,315,315,0
CAP0021,C01,AP01,movement,b-pr03-naranja-s02-vacio-r02,120,420,316,316,0
CAP0022,C01,AP01,movement,b-pr03-naranja-s02-vacio-r03,120,420,311,311,0
CAP0023,C01,AP01,movement,b-pr03-naranja-s04-principal-r01,120,420,314,314,0
CAP0024,C01,AP01,movement,b-pr03-naranja-s04-principal-r02,120,420,314,314,0
CAP0025,C01,AP01,movement,b-pr03-naranja-s04-quieto-e1-r01,120,420,315,315,0
CAP0026,C01,AP01,movement,b-pr03-naranja-s04-quieto-e2-r01,120,420,317,317,0
CAP0027,C01,AP01,movement,b-pr03-naranja-s04-vacio-r01,120,420,314,314,0
CAP0028,C01,AP01,movement,b-pr03-naranja-s04-vacio-r02,120,420,314,314,0
CAP0029,C01,AP01,movement,b-pr03-naranja-s04-vacio-r03,120,420,315,315,0
CAP0030,C01,AP01,movement,b-pr03-omni-s01-principal-r01,120,420,313,313,0
CAP0031,C01,AP01,movement,b-pr03-omni-s01-principal-r02,120,420,313,313,0
CAP0032,C01,AP01,movement,b-pr03-omni-s01-quieto-e1-r01,120,420,315,315,0
CAP0033,C01,AP01,movement,b-pr03-omni-s01-quieto-e2-r01,120,420,314,314,0
CAP0034,C01,AP01,movement,b-pr03-omni-s01-vacio-r01,120,420,314,314,0
CAP0035,C01,AP01,movement,b-pr03-omni-s01-vacio-r02,120,420,315,315,0
CAP0036,C01,AP01,movement,b-pr03-omni-s01-vacio-r03,120,420,310,310,0
CAP0037,C01,AP01,movement,b-pr03-panel-orientb-s01-principal-r01,120,420,260,260,0
CAP0038,C01,AP01,movement,b-pr03-panel-orientb-s01-principal-r02,120,420,214,214,0
CAP0039,C01,AP01,movement,b-pr03-panel-orientb-s01-quieto-e1-r01,120,420,295,295,0
CAP0040,C01,AP01,movement,b-pr03-panel-orientb-s01-quieto-e2-r01,120,420,191,191,0
CAP0041,C01,AP01,movement,b-pr03-panel-orientb-s01-vacio-r01,120,420,245,245,0
CAP0042,C01,AP01,movement,b-pr03-panel-orientb-s01-vacio-r02,120,420,140,140,0
CAP0043,C01,AP01,movement,b-pr03-panel-orientb-s01-vacio-r03,120,420,139,139,0
CAP0044,C01,AP01,movement,b-t0-movimiento-p0-r01,0,300,224,224,0
CAP0045,C01,AP01,movement,b-t0-movimiento-p0-r02,0,300,224,224,0
CAP0046,C01,AP01,movement,b-t0-movimiento-p0-r03,0,300,225,225,0
CAP0047,C01,AP01,movement,b-t0-movimiento-p0-s02-r01,60,360,268,268,0
CAP0048,C01,AP01,movement,b-t0-movimiento-p0-s02-r02,60,360,269,269,0
CAP0049,C01,AP01,movement,b-t0-movimiento-p0-s02-r03,60,360,270,270,0
CAP0050,C01,AP01,movement,b-t0-movimiento-p1-r01,0,300,225,225,0
CAP0051,C01,AP01,movement,b-t0-movimiento-p1-r02,0,300,224,224,0
CAP0052,C01,AP01,movement,b-t0-movimiento-p1-r03,0,300,226,226,0
CAP0053,C01,AP01,movement,b-t0-movimiento-p1-s02-r01,60,360,268,268,0
CAP0054,C01,AP01,movement,b-t0-movimiento-p1-s02-r02,60,360,268,268,0
CAP0055,C01,AP01,movement,b-t0-movimiento-p1-s02-r03,60,360,270,270,0
CAP0056,C01,AP01,movement,b-t0-vacio-r01,0,300,225,225,0
CAP0057,C01,AP01,movement,b-t0-vacio-r02,0,300,225,225,0
CAP0058,C01,AP01,movement,b-t0-vacio-r03,0,300,225,225,0
CAP0059,C01,AP01,movement,b-t0-vacio-s02-r01,60,360,270,270,0
CAP0060,C01,AP01,movement,b-t0-vacio-s02-r02,60,360,269,269,0
CAP0061,C01,AP01,movement,b-t0-vacio-s02-r03,60,360,267,267,0
CAP0062,C01,AP01,breathing-paced,r0-respiracion10-pr01-s02-r01,120,420,316,316,0
CAP0063,C01,AP01,breathing-paced,r0-respiracion10-pr01-s02-r02,120,420,424,424,0
CAP0064,C01,AP01,breathing-paced,r0-respiracion10-pr02-s03-r01,120,420,315,315,0
CAP0065,C01,AP01,breathing-paced,r0-respiracion10-pr02-s03-r02,120,420,313,313,0
CAP0066,C01,AP01,breathing-paced,r0-respiracion10-pr03-s04-r01,120,420,314,314,0
CAP0067,C01,AP01,breathing-paced,r0-respiracion10-pr03-s04-r02,120,420,315,315,0
CAP0068,C01,AP01,breathing-paced,r0-respiracion12-pr01-r01,120,420,307,307,0
CAP0069,C01,AP01,breathing-paced,r0-respiracion12-pr01-r02,120,420,315,315,0
CAP0070,C01,AP01,breathing-paced,r0-respiracion12-pr01-s02-r01,120,420,319,319,0
CAP0071,C01,AP01,breathing-paced,r0-respiracion12-pr01-s02-r02,120,420,315,315,0
CAP0072,C01,AP01,breathing-paced,r0-respiracion12-pr02-s03-r01,120,420,314,314,0
CAP0073,C01,AP01,breathing-paced,r0-respiracion12-pr02-s03-r02,120,420,314,314,0
CAP0074,C01,AP01,breathing-paced,r0-respiracion12-pr03-s04-r01,120,420,315,315,0
CAP0075,C01,AP01,breathing-paced,r0-respiracion12-pr03-s04-r02,120,420,314,314,0
CAP0076,C01,AP01,breathing-paced,r0-vacio-pr02-s03-r01,120,420,313,313,0
CAP0077,C01,AP01,breathing-paced,r0-vacio-pr02-s03-r02,120,420,315,315,0
CAP0078,C01,AP01,breathing-paced,r0-vacio-pr03-s04-r01,120,420,315,315,0
CAP0079,C01,AP01,breathing-paced,r0-vacio-pr03-s04-r02,120,420,315,315,0
CAP0080,C01,AP01,breathing-paced,r0-vacio-r01,120,420,315,315,0
CAP0081,C01,AP01,breathing-paced,r0-vacio-r02,120,420,314,314,0
CAP0082,C01,AP01,breathing-paced,r0-vacio-s02-r01,120,420,314,314,0
CAP0083,C01,AP01,breathing-paced,r0-vacio-s02-r02,120,420,314,314,0
CAP0084,C02,AP01,availability,aislado-t0-vacio-r01,0,300,0,0,0
CAP0085,C02,AP01,availability,aislado-t1-vacio-r01,0,300,0,0,0
CAP0086,C03,AP01,availability,aislado-t0-vacio-r01,60,360,0,0,0
CAP0087,C03,AP01,availability,aislado-t1-720p-vacio-r02,60,360,0,0,0
CAP0088,C03,AP01,availability,aislado-t1-720p-vacio-r03,60,360,0,0,0
CAP0089,C03,AP01,availability,t1-720p60-persona-p0-r01,60,360,0,0,0
CAP0090,C04,AP01,availability,aislado-t0-pantalla-apagada-vacio-r01,60,360,7,7,0
CAP0091,C04,AP01,availability,aislado-t0-pantalla-apagada-vacio-r02,60,360,5,5,0
CAP0092,C04,AP01,availability,aislado-t0-pantalla-apagada-vacio-r03,60,360,0,0,0
CAP0093,C04,AP01,availability,aislado-t1-720p-vacio-r01,60,360,67,67,0
CAP0094,C04,AP01,availability,aislado-t1-720p-vacio-r02b,60,360,62,62,0
CAP0095,C04,AP01,availability,aislado-t1-720p-vacio-r03,60,360,48,48,0
CAP0096,C05,AP01,availability,aislado-t0-vacio-r01,0,300,46,46,0
CAP0097,C05,AP01,availability,aislado-t0-vacio-r02,0,300,50,50,0
CAP0098,C05,AP01,availability,aislado-t0-vacio-r03,0,300,48,48,0
CAP0099,C05,AP01,availability,aislado-t1-1440p-vacio-r01,0,300,104,104,0
CAP0100,C05,AP01,availability,aislado-t1-vacio-r01,0,300,71,71,0
CAP0101,C05,AP01,availability,aislado-t1-vacio-r02,0,300,93,93,0
CAP0102,C05,AP01,availability,aislado-t1-vacio-r03,0,300,71,71,0
CAP0103,C01,AP01,range,p01-panel,120,420,303,303,0
CAP0104,C01,AP01,range,p01-omni,120,420,0,0,0
CAP0105,C01,AP01,range,p02-panel,120,420,297,297,0
CAP0106,C01,AP01,movement-pos02,pos02-s01-vacio-r01,120,420,313,313,0
CAP0107,C01,AP01,movement-pos02,pos02-s01-quieto-e1-r01,120,420,353,353,0
CAP0108,C01,AP01,movement-pos02,pos02-s01-principal-r01,120,420,316,316,0
CAP0109,C01,AP01,movement-pos02,pos02-s01-vacio-r02,120,420,318,318,0
CAP0110,C01,AP01,movement-pos02,pos02-s01-quieto-e2-r01,120,420,323,323,0
CAP0111,C01,AP01,movement-pos02,pos02-s01-principal-r02,120,420,317,317,0
CAP0112,C01,AP01,movement-pos02,pos02-s01-vacio-r03,120,420,318,318,0
CAP0113,C01,AP01,movement-pos02,pos02-s01-lateral-r01,120,420,313,313,0
CAP0114,C01,AP01,movement-pos02,pos02-s01-lateral-r02,120,420,323,323,0
CAP0115,C01,AP01,movement-pos02,pos02-s01-vacio-r04,120,420,320,320,0
CAP0116,C01,AP01,movement-pos02,pos02-s02-vacio-r01,120,420,316,316,0
CAP0117,C01,AP01,movement-pos02,pos02-s02-quieto-e1-r01,120,420,406,406,0
CAP0118,C01,AP01,movement-pos02,pos02-s02-principal-r01,120,420,355,355,0
CAP0119,C01,AP01,movement-pos02,pos02-s02-vacio-r02,120,420,314,314,0
CAP0120,C01,AP01,movement-pos02,pos02-s02-quieto-e2-r01,120,420,355,355,0
CAP0121,C01,AP01,movement-pos02,pos02-s02-principal-r02,120,420,425,425,0
CAP0122,C01,AP01,movement-pos02,pos02-s02-vacio-r03,120,420,320,320,0
CAP0123,C01,AP01,movement-pos02,pos02-s02-lateral-r01,120,420,318,318,0
CAP0124,C01,AP01,movement-pos02,pos02-s02-lateral-r02,120,420,347,347,0
CAP0125,C01,AP01,movement-pos02,pos02-s02-vacio-r04,120,420,327,327,0
CAP0126,C01,AP01,movement-pos02,pos02-s03-vacio-r01,120,420,315,315,0
CAP0127,C01,AP01,movement-pos02,pos02-s03-quieto-e1-r01,120,420,319,319,0
CAP0128,C01,AP01,movement-pos02,pos02-s03-principal-r01,120,420,320,320,0
CAP0129,C01,AP01,movement-pos02,pos02-s03-vacio-r02,120,420,320,320,0
CAP0130,C01,AP01,movement-pos02,pos02-s03-quieto-e2-r01,120,420,317,317,0
CAP0131,C01,AP01,movement-pos02,pos02-s03-principal-r02,120,420,359,359,0
CAP0132,C01,AP01,movement-pos02,pos02-s03-vacio-r03,120,420,315,315,0
CAP0133,C01,AP01,movement-pos02,pos02-s03-lateral-r01,120,420,314,314,0
CAP0134,C01,AP01,movement-pos02,pos02-s03-lateral-r02,120,420,313,313,0
CAP0135,C01,AP01,movement-pos02,pos02-s03-vacio-r04,120,420,313,313,0
CAP0136,C01,AP01,robot,robot-s01-vacio-transicion-robot,0,720,650,650,0
CAP0137,C01,AP01,robot,robot-s01-vacio-posterior,120,420,317,317,0
CAP0138,C01,AP01,robot,robot-s01-robot-r02,120,420,330,330,0
CAP0139,C01,AP01,robot,robot-s02-vacio-transicion-robot,0,720,537,537,0
CAP0140,C01,AP01,robot,robot-s02-vacio-posterior,120,420,315,315,0
CAP0141,C01,AP01,robot,robot-s02-robot-r02,120,420,323,323,0
CAP0142,C01,AP01,power,p01-panel-alto,120,420,294,294,0
CAP0143,C01,AP01,power,p01-panel-medio,120,420,296,296,0
CAP0144,C01,AP01,power,p01-panel-bajo,120,420,326,326,0
CAP0145,C01,AP01,power-reference,ap01-1m-originales-bajo,0,300,0,0,0
CAP0146,C01,AP01,power-reference,ap01-1m-originales-medio,0,300,0,0,0
CAP0147,C01,AP01,power-reference,ap01-1m-originales-alto,0,300,0,0,0
