capture_id,pcap_sha256,derived_file,derived_sha256
CAP0001,8bcb6d2773d487b1bd91f5e2679fcc289eae930da0880d51c4cb6ee1fa22b5bd,captures/CAP0001.csv,05fbccfd4995d7a6f778fe48efe4cbc541f7990a1ff325402cf8fc23dcfdc6ff
CAP0002,f2a772eb19ef4913a20f6327601a88c93f079ddde3fa47de3e2c9b86f426b24d,captures/CAP0002.csv,0bbe3fd7fff6459a49fcd75e3868281a574f1155d687127881120310b4704eb2
CAP0003,6126f947dbfa94848bd512e40cf361dd4eed9d55f7c9ce4aa3d1b60714fcf24f,captures/CAP0003.csv,2b1eaeef5fb97500f1896fd138e6f2ea5831d8fb1362a0ca24c410f9704b99f7
CAP0004,b04d66f52785e5b8343be8a28289fbcad87191c9f422819480b503f33b4da298,captures/CAP0004.csv,91a7502012e59c08ce7d04bf9e4b9868338f74defac1983a23daa3c4d7940bac
CAP0005,2eb765e94411c4a0c1f9e9a8eb29357aca961b879b2ff9a08d692d20f57ef89e,captures/CAP0005.csv,a458b5fc90f3e7b40641cacd7517bf0483c9ba613a3ee541bbb3954a4cc34aa2
CAP0006,82e4860120621f47bc6f9cd2ba7469ec828f43066665da63d81854eb9615545d,captures/CAP0006.csv,58ad61f6ca50c919652e572e91d4fcfe759786ec9de058c516825504ba01c1ac
CAP0007,bb38d02a07d6bc274ecb8543bde445d4944439bb79e4a59eda218e66d3ef319a,captures/CAP0007.csv,c4c09ede2ab21c727aa3065781cbd1ab4875c3fd981eea7e11d6c851d5299674
CAP0008,bca0311c27068e680dd214186602ea2ca30553688c080fe3fa3c3a5fe7fd435c,captures/CAP0008.csv,31fe910150d16eed8a8aaf5137739cebc8ac9d3937e86739c4ceccec5e05cfda
CAP0009,27fc975acf600ae3321ae52060a7683da0ed953d9b469b64cf71934c149e808e,captures/CAP0009.csv,efa8b7593a012cbee699fac03340675a9b36b87f12ec2ff20f61963f26b4fa46
CAP0010,f70c6c9c971fad9fccdef8f5e4657c19f5f8320ffcc71792776e7cd670375da3,captures/CAP0010.csv,4ed791ce6c58b6a3a2ae763e1f33da79bce4ad588b2a6b414159449c8b6f497f
CAP0011,69c6769997695212536511e9708bcdcb8f75ca8728199a154c4e9eeffbdef31d,captures/CAP0011.csv,05852ad37490b4b0bd75da37c13aef1cf6282cfb84d920e7ec405e25be79de61
CAP0012,f470ee20f10193227f1eb7427f25dd61231850f1924e40f021cfa127b4e281ad,captures/CAP0012.csv,15d33249b7c9213f8cd3c4e83714623e310278e9e58d280df8ba9b1f55168ec8
CAP0013,8a91a2f6dc6c6ad40d5519eff4cc01524cdfa8b8d3528f4ad98beb855810ca27,captures/CAP0013.csv,2bd567fe1c9121cc0d917a2157293e74035df1327decfa4924eb0f7eb7979663
CAP0014,de566247932ef5fdeb8fc5a19a4c6d83467a855c043ecd24fe8ebefdcb595613,captures/CAP0014.csv,99a3640a8650f977a0d360a508846cc5f524bda570ef22a83607ed8621c89ebc
CAP0015,6042893845fb2940c326377c809983f98aae89cda11654c182dbe71e0d6f73d9,captures/CAP0015.csv,3283425369d78d6c702110e1d7eefdddd60a9bc371fff4fbbbce9a5636ed874a
CAP0016,67d6556ffff487ece4d0dfab56dfe17d546cbb0a76d98843fdd311b92a3cf2e7,captures/CAP0016.csv,97032497876a080dfc197714cb530911a0381a23bfc61d517080d833a4964889
CAP0017,45b1ac03f48d9397efb28fdf3922cc239876c4e5c3f5baa6ddecb417ccb396f3,captures/CAP0017.csv,ce1f822d5d8fa2f2cde2adbb4bbd90404ec7c3d16e5fb82fed5f4e84b7cc1d4a
CAP0018,d07b69ab678790aa3060dcb9cdc317a665d94e73ff363497f55bc012ad7219a9,captures/CAP0018.csv,99d09229a74d2aea37ac19b9e267ced1a82253b184b16ff274444d90a1d1f7af
CAP0019,127a9e88f27e088ba733ee87a87deeb98036e986f439fed51904730298c21ba7,captures/CAP0019.csv,40a4fceb3de3b761382109c27ba9a011b0e683796bae32e4f434c8d93c7213c8
CAP0020,df4b92c77e96b675add80b3653e6ca09aee6b64bab441a975beb784c7aba3349,captures/CAP0020.csv,24ddc77a685306a7efeb510d880a4b3368a397fa09056db1b0f47f9f34e35b83
CAP0021,6bebfc889b90d1b81da2895531f1caeb2a92cec65d6580c8636f133f01237f15,captures/CAP0021.csv,e7e4e212e058a3ab5092e38c5dbf4a89dc074a73cb0cb5e26f0cb1e8e8b8c576
CAP0022,abe6e407a595196394046c85bd7bd2cdc4acf2c20dd18b037fce7864cc0b5372,captures/CAP0022.csv,102b05e541658bc1da74ab1db04caab9f696e44c7226f735548df3a1fc1b935a
CAP0023,f6747233d6a006e8817ff79a01fee92be71466f3aab4899b6cde3f5a364db647,captures/CAP0023.csv,07dc3c598c88f4260dae7c11748da375694211e8cd7fdd72c2dbc4ff11e25e64
CAP0024,f8d70817915aa3c8b15ad8fb22fc3e55e367153d457cd3ff8740af20516dc559,captures/CAP0024.csv,3bcd19ab6c418216e9c83cf827be365beeeadf2fe2635105b78d6f297fab518d
CAP0025,5065eb6b05e3adf6eabbe837db8d638b7f64dfe27a3cfbcd141ffa5a9ddb5e03,captures/CAP0025.csv,326a20bcb81c36b86bf5944c9dbf7d7a92d6959db1bbef1331326b089484606d
CAP0026,cdc5dd18b3cfc5590e47b21134ec34d6361701c2ec45fde3e467b90facb7a208,captures/CAP0026.csv,adecf2357873023c7da3c5c6343e99db160b5ed09efc77b0b321e45d5520bf56
CAP0027,e8347a54a625e565ea9ed92201700cc8870b1952e6ad5c0546f79a16913ab363,captures/CAP0027.csv,770281a3a30bebcec5122768cb4192660b23f7d3df5ae02fa7689e79e1947300
CAP0028,85ea5388c5e5098dc2c42f3e2c55f0d9b769b71edf96b7cdc097a7b3fe73c6fa,captures/CAP0028.csv,eddd4452cdc5a955be0e1419a4a54f0fa74e97d8b401eb9175b33009ad9b88a2
CAP0029,98427f8830256116314dcef730559c0c866e0d8a20e24d8af18dfaa1ec7ff18c,captures/CAP0029.csv,b0ca876cf6590447dbe54142683001f783957ac7556e7087d1528354fb11fb6e
CAP0030,3c5bbc9e4b23615e00f0995fc3fde0eeb2efd2fe5e574ba0f92f4d2ed8ddad5d,captures/CAP0030.csv,23f6dded1eb7e3a36a33a0d7251fbede31aee59fe51a24cec55ea025e4033b8d
CAP0031,72a7e59158aec32f62c342ad73b70d6a1cac56d71f5d3f620075aa3e4b9037ff,captures/CAP0031.csv,a751eafc048adbb1ba55ab664960745a9a80f62156d81ad786c6599bd2a34ec3
CAP0032,34c046bca8da3b7cfa7ed4d5567e563e429654ac33a95961817ea4511d09e1f3,captures/CAP0032.csv,847fb0462b9577200cc8557f34e6deb97acfbd58b0fa3984303f5077e4298789
CAP0033,2ba65be82824c7154608b60c14f1ed7d69f395667caca6d077cf7195d4a29f7c,captures/CAP0033.csv,e62bba807ea0bb1d7090139eec58b429504dd45752594ad41d614a4ab4f1c9f3
CAP0034,6affd7ad6a30c070764454429fb0ca1d044bbfd76b809f20e996867585ffce7c,captures/CAP0034.csv,ff10d98e7178f17bc0f15ea61207b3d2303be70eb16668fae415f879c629c8ff
CAP0035,c0f955656c880c4fc85029f1430ffc7d8e6f1d2a166aac77f20e291ea14e719c,captures/CAP0035.csv,7465c1183251cd1495a226bc01c64c0e70741b1622268489b120b538d65f4057
CAP0036,b685f44e4a76f639c1779d3a845ca31aaeb401672e10d1e0fb1f6a83d07e29e1,captures/CAP0036.csv,a4921c05c5debd04072e45131d91b3396be3d53aa49a9d41b21b4ab8acb835d4
CAP0037,9516d3b0a9e95acf6efa9198e155b477ed1c0a9b6052e4146c8d45ac8419e04d,captures/CAP0037.csv,29031a91e5a2e64c44ca0085839696f642c7802bf92516902929586bac51fd47
CAP0038,b3aacae0be61b85b984436590b59f38c316a9edaf7521aa634371a6d27cb9fa0,captures/CAP0038.csv,3b0833600c6e041140a08afa6b1e4eaa3f8d056d464a6a039fee4bbde3ca25af
CAP0039,1a5c60744260f646f4818fa652676643016aa8295b2bd0ef698c5499320ee8fd,captures/CAP0039.csv,dd557cdd5acffa88e7832db82cd80d975727e041a7ae4405f946de635ebb25a6
CAP0040,9bcab9fb77cd5877d8d1b8ea25c427aa62512ae5ef9b534049d70034ddbc89f3,captures/CAP0040.csv,dcc2d484706825b7e0cc0f8da85fe6d7a9257f825c6a477b8a7da173333941ad
CAP0041,688a3b963d92439b29a659d21bc3ef00e3d18542cffbfa74f0a151c6563c2b7a,captures/CAP0041.csv,8d98c3a13c51563c2c3ba6c11bea8e68f271689f113e2718b2a8df4c65e5e089
CAP0042,52d7a8bae4fafefe2d74853ad05cd9f45a43ef406edf981af49860f5f9b8145c,captures/CAP0042.csv,2ad40cbd1dbe322cf46b73770cea1cd7411e8fcb8fc3253ef0b6835ced8a2a4a
CAP0043,1820caaded6795267a42ee8a54331b68bdb024d5dde428a34ac15ba2c8ff39f2,captures/CAP0043.csv,04d366797f7d1cd920eac3dfecaba602ad6eac63bee870f82ca94d211b21c7a7
CAP0044,ee5f0f6ae671d87320b915e276d90d6e399f1fcae351f53bb63c617f95beb3ab,captures/CAP0044.csv,763a057d6ee66233720cb904846b85970ac38c0642d4066e7db8010927af636b
CAP0045,833f8ac70ee9d1557db467df4e1cc6f9cd4b1e136fd8e48c787c3d38971c3ab6,captures/CAP0045.csv,b51cdc5c153c9f5a1883a31101b2b866059933581edfe02f71ae2b33443a1d66
CAP0046,65c2bd3171beae08c81e7b2a8ffd2e33c8d8eadd86fb9795c5e21da72824c5e5,captures/CAP0046.csv,61bc402462e70139fde51955a6f817c513bd024bbcd45f9be28f0b0f4ad444b2
CAP0047,6515423f1bf829805db20ffb5eaa087efba1e0807a689ec15bb5af38f8d866ce,captures/CAP0047.csv,f22d954c9e620e3c88e33134840fe1a5e867396797e2d4548bfad2a5a57955c2
CAP0048,917684af391ea72a2d27831e99f286b28c10bf5f8f392671d332b5317940faac,captures/CAP0048.csv,45fb0014567919c6c3bb35c8b35845d932c851ff9dea1534a063c1508c2f66c7
CAP0049,9ec91f1e301c571c16e6ae10c6e0ef9a525636466cf2ce9cd3857cbbf5f607ca,captures/CAP0049.csv,cec74881400af083f0e06378295f0f4eb0b90f7bde9f1a2f716e34b6b9f32596
CAP0050,6aa52eae2d7c6ff09f7fb7004da83748c0db265c4c5d0b170808e12392e67468,captures/CAP0050.csv,916d37745cd688447d748b6bcbb38ac2744e9154a772d95847dd0b0de0091abe
CAP0051,e7fda7485e3eb46a2b7a3731f2bb29fc09e751484bae84f25d3de50abca8f8f2,captures/CAP0051.csv,ccc8ac648eef6440f873a0ce623a2b552b72a093087dc2bb1d57a8ec123ab54d
CAP0052,041e1844ec75a030ee097622c4ba7c3c9a1f8b4f1b03b55c2dfc4de45a0ed0b0,captures/CAP0052.csv,85a3c8eddf48a97203aea6d100078a9c7b4c6c40209c6b2103b54c3a7402922c
CAP0053,7267653b7d53b59a9cbe0e821fc93f7105e41ed70ae83e18c4c13f26f3f18cfa,captures/CAP0053.csv,9f5a4bafca35a24459f9ff37f80823b43409307a8e74b3db56e318e0c10c294e
CAP0054,a18eea12e48d9322b55316ef573222e25a6b2b5229310438d7399be9d0edbc51,captures/CAP0054.csv,ebc6711e27593c6800c17006332f0a19b254a8c8c3e3956fde9156e67d8e6b72
CAP0055,40706ac79568ba4b00ca206c9cca8cabdee8fcfd2f3ba7bbf3293e19acfb335f,captures/CAP0055.csv,426ee3ba4830399c31b383e069b6ade57097cb25d96dc91421cda3dd6c04124c
CAP0056,f3742c62255d290858e1491241312fe07f4223b6fe4aeb7f39d1c1a6a5e773f7,captures/CAP0056.csv,786c362055be5e2673fe7bdeaf6cbd8337fa22dddc0241f8b759f2706c6c9d1b
CAP0057,88868edd87f6bb7a728db19cc197b730ec92f558819d85933a73cec63f546476,captures/CAP0057.csv,719ff8aeaa273618e4413108f2c7fb9dce8b495fcdea7099e5622a077f7fb4e5
CAP0058,18823cfc8b0e8979ea40e4db0ca61af703c7037b793a47ee8418dc918fdc3c5d,captures/CAP0058.csv,af85e3f3e6082d7d74a6f6955056e5e0b0d6aab65dceaf0563cb93deba031645
CAP0059,4cf0009c36fe906b680397c0396ad4bf193b953a22dc51c5017508c973ddb2f5,captures/CAP0059.csv,ec95fdb18ad71a31c50a7b03a83554f2e447bd55f7b49450f5e402674b1b501b
CAP0060,75390fa92b556d81f8ac5114973a62db0c6d65711df016a8c1bd0bd38426b6eb,captures/CAP0060.csv,70f78de167becbd980e99c264eca39c59325cd1311b0c26925c0e8809625ae3b
CAP0061,a3daa1810074151720a4edbfc0dcbd8180349c2c740f6bce920d99698695de56,captures/CAP0061.csv,7862cedbed62eefaddcba182458821c9b427af9a60a735a2e42b02e1e26d361c
CAP0062,3a49c8d7782ff7d0a08a76fe8ec999d39ecdaf8c267baa4c7e7963c1783ee37f,captures/CAP0062.csv,350c0c8c6337540ac1418fcf0ccbc308b9bb1ab23cae62a0222f2a49e02c41b0
CAP0063,40cb2d950a51769749cecc8d7b8cc128f651117e5e8d3a6488e7cf6a32083b6f,captures/CAP0063.csv,8663a684d21118f1ac49cd1b16c4a667a4c157e11dbb1de2ae45aa6c9d2fea0e
CAP0064,88d734f2000b05a58f045ffb06184c87da99b8ac7e7bc0813f297a92ade0a584,captures/CAP0064.csv,1f7851670fe7a2085fd074e989be7518dde44bc4426ec52a085eb97741ff80f1
CAP0065,d4c0c201bc2d8ae6c9af0b6ee8b03b44b1a96de067bc1fba8cf73512b88fb062,captures/CAP0065.csv,f6cf4d7252aa5cffed6542dcc2d94f69c87d087fa00ea7ccad450fd021c8e2c5
CAP0066,dfd52f82162acb0ccf82328dcd2bc6d5b60ed551fc1dcb869dc5a97ba55bdc3c,captures/CAP0066.csv,ed2a68a4b080f1a9977c6b25f1071998de44d4284bcc0562a1553a7e33554b8f
CAP0067,aec33196fa593c64b231310cc414079dbc028cf5240ea4ee94824efb137bb7e3,captures/CAP0067.csv,bf15caa6069988ac7964a5d317715ff728542e3925a6183f62b51c5d0d7b640f
CAP0068,e1330dbdd720460df1d2ecde1ac1d773b83c838deb91eae4936798875e534cfc,captures/CAP0068.csv,e423e368f23944bbaba9d7ff57dc089d5318fe2d3637aa198f3e019dc8dc7cc0
CAP0069,81c3b3ce7874b4908db873ba5858c25fd76cb1b3d37868c39b9858e694de7820,captures/CAP0069.csv,49d0623ab7a055ea9969aa7501b599db62c9f1d2f9bcdd1d5da759ee36364361
CAP0070,6819ae4cafd8954c600a3d724af5c1585ffbad364ab0f30e5319ea5352517e62,captures/CAP0070.csv,56850b07288107dafd4608a68d8dd2b8543b387d35830588a210e728bf542370
CAP0071,04b607d5b87ae875775b37a16099ad1e67b9418bc0a57bedd55691a931295ef0,captures/CAP0071.csv,7babb155fae8b8d10e4492bc2fbcf3267746fc8e0c9021911c70c1d52e6b3a96
CAP0072,22db08bbe53e80a5821f99106c8a525870b642b5fc4e95b9cf96bbbf1acc3589,captures/CAP0072.csv,9f5bacdbf2348cd51442fa6827db595b506051f63a558ba86dda09f2425a72d4
CAP0073,9132579dec8e5fbab692ec64fc91d20baac8fa3cf76c32d3b5f088f7a603a426,captures/CAP0073.csv,99c485b4b800fd55e4c869f6ff69f347de824691f037c9ee6542e83ac686199d
CAP0074,242670c05b32c235dc0fcdd21897caa4a0bb9eebdae674b7871d3fddef1921da,captures/CAP0074.csv,489a6bb0352db9495bd0e42748c8a5c8cabc149d1a02a312278464e731a82147
CAP0075,cfe31079c58008dbef20886ad1ffa852ebaa9cba908485388735b3c512853e62,captures/CAP0075.csv,757aaeb9d180d86b3874889ef06a0358f3287c8083c7be76f648ab6852062fd5
CAP0076,39905aa44844b10ad4e759dd7adbe0050cff3df556d73bebd9d719d3a528866c,captures/CAP0076.csv,178ba480331ab5e86daf5d4a2f06e0a5e7edf82ca3f7db41731ce483f9412be4
CAP0077,abf7f63b4c05fbb9bd1d00e7926c394853f31ec276f249ec1407436a32610f25,captures/CAP0077.csv,b891789e1fcecc81a9670f0e8267f3a9e2e926c5a79cc94dd9c15708ada13730
CAP0078,c6b883af6d8d8d36d2b125f69e43544ed5e3c6ca7146b0631b8da0d9b12a6229,captures/CAP0078.csv,976959e502d30fcf8ed33d6fba75dc23055f7943b912076510f8de3b04bed336
CAP0079,e2a1ee2e72603fb173c8d19cb9d5f51040e98c1086e065232e25cf967dda4e84,captures/CAP0079.csv,37c83a384972d2ece07a8ec52c18f148f4ebb8e0941a655b7a9b9abfd558d0c5
CAP0080,3e5c351304ce24fb111c57520fd8f51104de20dec2a2b02a683e62f83f1ac8ab,captures/CAP0080.csv,99060be600d02c706a055198184b17943f6e7ba8ec1c9cfbe4c4ed19232f66c6
CAP0081,36d440e03b22fb083b021c56e9504899ca75714930adc2c7e39f33b83d74ab20,captures/CAP0081.csv,a9fce33fcf17dd51c5cb8aee28c9c4cdcc8b0e0ad8b1fe36c08375d6b88ba32b
CAP0082,3e7e93ea7fbf3e8b5290967900812b0b6510740b17cdbb4fa5e1732f03097e0d,captures/CAP0082.csv,cf04a082e966c923c31ece0b7941ee7b168086c4a6c04b28840219b2cc999aed
CAP0083,bceb6e8070dea9a19f692072cec6892b962a71a5d6e834d9f116310ef57a90c5,captures/CAP0083.csv,07b551b6245a448272b4f1f6e643b2f32a3ebd232c61a68910065741746a124b
CAP0084,38d3e493c4bc08f743f7506987a91520ca9563b2ee7bc7350a903048814fcf79,captures/CAP0084.csv,83951518d0dadd35a74d01e1dba16dc408c129a49fdc645a5dabfe449f95725c
CAP0085,044d25cf6fc7b839ed0ae182e9c0639a85e46cc5a6087bc200c9cd47ac7b49ea,captures/CAP0085.csv,83951518d0dadd35a74d01e1dba16dc408c129a49fdc645a5dabfe449f95725c
CAP0086,3bf4f6687f18b2a6f3365eefb03de74b145c99c87c321eaeedf89d1e44513bc2,captures/CAP0086.csv,83951518d0dadd35a74d01e1dba16dc408c129a49fdc645a5dabfe449f95725c
CAP0087,31a436f9b6c6bc65a0f2cc2235ceb961a90c094708d37d1d56f1cfa833b49b63,captures/CAP0087.csv,83951518d0dadd35a74d01e1dba16dc408c129a49fdc645a5dabfe449f95725c
CAP0088,5cf7978ff8a6a6bfbf4e5acc2822b451b0692214cfc154b670f1d71be8e86c7d,captures/CAP0088.csv,83951518d0dadd35a74d01e1dba16dc408c129a49fdc645a5dabfe449f95725c
CAP0089,d0e4578f6812eade508a4752228ecce7a39fb5b3f2db09677d14361f63660e2a,captures/CAP0089.csv,83951518d0dadd35a74d01e1dba16dc408c129a49fdc645a5dabfe449f95725c
CAP0090,e1902768d4646a54fb8a3a3fe17ee9abdcc641158739202a72a5b27bf37b3283,captures/CAP0090.csv,d032b3f1c09bfacfeafe1065a6dbf7e2e2c2e83ff987d9cdfceffb18199b4083
CAP0091,dd65ab60371100fdd7593c4e046892365b7aca1d3aa2e71dfab58a9cff347fd0,captures/CAP0091.csv,a77d496ee4d459a85e23719eea94b43f9ed9df6f4c3fa0f318fab7ed29d72ae3
CAP0092,ddc01b27be3f9ecf7e1725d30f48c62adebdef7328c1aba03f379219dcdd1364,captures/CAP0092.csv,83951518d0dadd35a74d01e1dba16dc408c129a49fdc645a5dabfe449f95725c
CAP0093,f90c8a6382d97251c4aac2afe31f967003198d3cb66db78ced29de980f21a0f6,captures/CAP0093.csv,9867c333ccd261613c8c6ef45ec0989e43ee852f5a0fe001dd169c6c1145d388
CAP0094,3d55161b930f33e00a0af443b143324e6c683d2f3e4e08da6e0888513d9caa29,captures/CAP0094.csv,5c5b4d1461fd5ae6bafe05246b5d9b7a06e9490aea561769d4ef1161d638a888
CAP0095,5c8cbf03554590759faeff023e2e9a83ff17eef22ac685a74bc464bc2a3c7683,captures/CAP0095.csv,a3970b31268c3d1cebce8793b4734b6b0c039d091294e0fabf74766735940abf
CAP0096,cb7c0eaa6b9997ed3eeede6d9d82a879766d218142554deb2e73d098c05266fc,captures/CAP0096.csv,5c927b73c5393f5d68e14f07751daf8582b75da5e7303124760ebd99978ec408
CAP0097,79d78b4797575d924170052027cf1aba29b7e473d4a8316cb150693303dcc241,captures/CAP0097.csv,825d7d37cc0c3063e09aa30bc754e700463f645a7868abb7d97873cf3a1f5e90
CAP0098,48d7c17d51ad2730577856338cda318c6575cd1626c55607a7751ed56839c18f,captures/CAP0098.csv,e83f2dc66c28931af450447c8cc5a59b6cb74c3d36821949ae993006981d8b5a
CAP0099,30d43a817c2cc6844b79965aaa6e2b88b30f126078f441e8d9b7259787b4eba7,captures/CAP0099.csv,8dc803262532065cf306c143ad6d6381cb518634497edba2834781b1be1ae3f4
CAP0100,fbb597a9fd08642c2bf371b1457253e3cd8c4dddb6532038fc2096606f8e1122,captures/CAP0100.csv,c1140e0836fa5728b46c54e6e9f5f4469ac3312eef36b53baf52a5107431ab21
CAP0101,2b85b7cd0a60792eb61fde0895ea664365d710a6a1f284776fecf16f35d449e1,captures/CAP0101.csv,520daef0b962e6e95fe8a737d32e0052e5231dde347f1bd352c07a22e1b7ce87
CAP0102,05cc91b15011ced39e188e995412344a66caf1867d12d3451a77dea6433f0044,captures/CAP0102.csv,e2227423207b9bf8e496300a6fef23c3ee99d87a5d4728ab938327647f15cc0e
CAP0103,0a26d46a72839bf7f46a9614a311d0e4798f2c033223ced6bd35f579d8df5d0d,captures/CAP0103.csv,d4f7806835d374c5ef926117c34d1fcab06c6df64794b08cbb1597eeea6e11a8
CAP0104,cdf54cd31a3f9ed2a7216a46a1b92a7c26e228bb639d5fd353d57bddea596aea,captures/CAP0104.csv,83951518d0dadd35a74d01e1dba16dc408c129a49fdc645a5dabfe449f95725c
CAP0105,2a41303c4a24a558368c23ed5d7cb46b5fd7d2156990fa0f532fa64bafdb5cbd,captures/CAP0105.csv,86630e538935342c636d13d2f7483d31027e89d1b71d02d7a4f44da58298f1e6
CAP0106,522dbd442c346d227c07ffc03113f9042770a3bbb2712289d07e57ec576d8cb3,captures/CAP0106.csv,56c3db1829b9c622c6e3ccd45124bc45967d0682f9c3373ab0e979e3637a40fa
CAP0106,522dbd442c346d227c07ffc03113f9042770a3bbb2712289d07e57ec576d8cb3,protocol/CAP0106.csv,79563a866f2e4e2345ead63c718525647b6929fc8b9b6b1ae3c4d3977b8c1e24
CAP0107,9a9f18b6ed1fe5ea4566a1ec7d972adc17314b337ebfb22998b0a692a76147ae,captures/CAP0107.csv,a9bb0d29ff382a4721654d13951b4e4dad6dec35890b618c95828258b722be9b
CAP0107,9a9f18b6ed1fe5ea4566a1ec7d972adc17314b337ebfb22998b0a692a76147ae,protocol/CAP0107.csv,983321ad4cca88d138deb9c18cd9262698d530f5e174cdd3e0179ce4b2d2831a
CAP0108,6fb0cbba9bdde2c8e80da59edf7132011f32b4119275055817424c834a5b956b,captures/CAP0108.csv,6c90b6f321b9e8bb41a3e6ea34297ff8c1c7949deb7a006bfae225cf0d127e91
CAP0108,6fb0cbba9bdde2c8e80da59edf7132011f32b4119275055817424c834a5b956b,protocol/CAP0108.csv,c1011151141e0bb7708927314cb3c2275d32ca1d1a618103549a85161ed7d72a
CAP0109,bb3d5f23e70e366a91cb8d4f462b65464fec10df95f439d56f41ce66dcac73df,captures/CAP0109.csv,34e33247b0cd423a39e0b2c7898b3147f84f513616965de7c102362887088533
CAP0109,bb3d5f23e70e366a91cb8d4f462b65464fec10df95f439d56f41ce66dcac73df,protocol/CAP0109.csv,932e5678cb52815e2119a126e2c9f1698cf9f9c8ddf28414f21af478cfdbbb54
CAP0110,3b064067d5727b9de7e69f17fc98c301e48bea40e3eb24d4fff9a1f23884292c,captures/CAP0110.csv,abad28e823e8401d475dcca7c4008c7fcb5d7e1d03946f8b52e79f0ad8aa619c
CAP0110,3b064067d5727b9de7e69f17fc98c301e48bea40e3eb24d4fff9a1f23884292c,protocol/CAP0110.csv,72706d5ea71efd83e3dedeae5a171d954583a50ceefd99a303eb5b3105cec926
CAP0111,1d9a1014beac12db0167ad6755788646317744105eab9f8909da4a583e1814e4,captures/CAP0111.csv,03fe28ebc5dc336358e177c35eb2e1740f7bec0113cd54b35236475501eee9ed
CAP0111,1d9a1014beac12db0167ad6755788646317744105eab9f8909da4a583e1814e4,protocol/CAP0111.csv,26be1d52d984638dd463082a72733d670d3e05b25c06e7d2f3ccd40b8b141666
CAP0112,6f683c2c8c1c2731ee4fa2bf24e967ba60a97f71663914d2e770786c93b29dd8,captures/CAP0112.csv,ac585e6faeb7b4b444c50ed65adccfe1b938c779e2d21389b8a352115eb7bdb4
CAP0112,6f683c2c8c1c2731ee4fa2bf24e967ba60a97f71663914d2e770786c93b29dd8,protocol/CAP0112.csv,c2d44ad12fe39b84eaeb19d104398da3d22928d7be4474fd368adea49899572b
CAP0113,11da2ff47eed1e8b3089849569b8b62b118c3288693f5160f06c8a178db9d480,captures/CAP0113.csv,b32c6bc1baa69e9ef1198b796222a390b16cebdef86add41f54a40cc0bc21262
CAP0113,11da2ff47eed1e8b3089849569b8b62b118c3288693f5160f06c8a178db9d480,protocol/CAP0113.csv,28c92f5b5fe3acf1575dec1e88681201e98feec0f6ded850ece035793a2fe0ca
CAP0114,3e3f341f0a1242cb9905203a577b658c4f23ae3a49c638a273495021d0a82b4f,captures/CAP0114.csv,54a9b476b5fe748147b68caf2856ba0232406e76b306144a5f8e6a5f8170ea7c
CAP0114,3e3f341f0a1242cb9905203a577b658c4f23ae3a49c638a273495021d0a82b4f,protocol/CAP0114.csv,ab3c279b6ca6c6b0e5aae2487971ecacb2f9c5d11c53b0ad987f34a13a389b7b
CAP0115,67a8b660622cbed5e51590851588bb1f695929cc31372e1f2d9886d1b9d646c1,captures/CAP0115.csv,22620d389184570e4d623ea058868ef868ce82aece790d671ee1926fb7ad7c8f
CAP0115,67a8b660622cbed5e51590851588bb1f695929cc31372e1f2d9886d1b9d646c1,protocol/CAP0115.csv,6dccd081aa6691585ec93fb50adefe8feb7abafc5ddc5129fc1e15889a27b596
CAP0116,584e9d7f2f9f6c9fc8cc24f609a1abdafb0a7fde43eb775a26b4f0ddea117b0b,captures/CAP0116.csv,52919725f5c3b3ca1b83ca417cb353359199fcc28c738ca175d404f815dbc923
CAP0116,584e9d7f2f9f6c9fc8cc24f609a1abdafb0a7fde43eb775a26b4f0ddea117b0b,protocol/CAP0116.csv,e200abec782db756c760a08fcbd5df561b157fdf73b3f2a5369f8d7ef24a4f04
CAP0117,00a09c1755f777b0aec7dfe004e5cc865b55b4588a5c946e1b53b8f27aee7a31,captures/CAP0117.csv,40d16ba63fce826a2505c7eed00494ffc2cb2f80139c2de0041da9db512c8bbe
CAP0117,00a09c1755f777b0aec7dfe004e5cc865b55b4588a5c946e1b53b8f27aee7a31,protocol/CAP0117.csv,5a9c8fa4160299f0928cede849ca669fc649a2bd558902563e59d52c31ce588b
CAP0118,46c2e6272cea21c14ac8321a7be6496e780eebf098146d0b5856eece88cdf080,captures/CAP0118.csv,2be6bb9a0febdb148f677fb968e6753141adf9a077b4bfa9c719cd24b049b3c7
CAP0118,46c2e6272cea21c14ac8321a7be6496e780eebf098146d0b5856eece88cdf080,protocol/CAP0118.csv,8c2414906128475ada7c18607b349980ea76bbbc73e0d34c206f01c3d54a6645
CAP0119,f2d5001b8826e4ec6b9b7eefd4c5e57c2998ce4bb5d5e50129d54fa0b7e4ed2d,captures/CAP0119.csv,e415a46ec839d4f7eec71f4e123311bf4936ef5154c58e6547e6205f898be14c
CAP0119,f2d5001b8826e4ec6b9b7eefd4c5e57c2998ce4bb5d5e50129d54fa0b7e4ed2d,protocol/CAP0119.csv,4979851c909a82d67b2be285858bd4357fa60714a6c81fc3ff4bdfc5304b7094
CAP0120,69d9d4c6a86173ebb92924e417a0a430c2081c2c9ddff31fb96e409121d74d70,captures/CAP0120.csv,7f64f426116fe699c96619c48a71c36fbc9100ddb12c52ac523cc1e83690968c
CAP0120,69d9d4c6a86173ebb92924e417a0a430c2081c2c9ddff31fb96e409121d74d70,protocol/CAP0120.csv,2bac3fa2c31475dacd72b5ff7142eb08450e17198775359a2d5b3fab1c60b854
CAP0121,729b514d16fefb1e37bbe70db043ae1fd0cc5c6a97170f8677b577dfc75019f5,captures/CAP0121.csv,85cfe2dcf2d5f3d6ddc44bc0429159181deb63b509499f346cecf2fadeee603e
CAP0121,729b514d16fefb1e37bbe70db043ae1fd0cc5c6a97170f8677b577dfc75019f5,protocol/CAP0121.csv,4b9d970a1a7dfd08be13706033633f3ed827ecf616b3e4947e8c1d715ba67e83
CAP0122,88c96867673a5c8ff44aca1221dac465b86a3b1dbfeee1f3c9dce387598e67d3,captures/CAP0122.csv,1d9ffefd91bb28bc39d7767ae2a1780a2c41790e7bd8e5dfc7e5bb63e035d844
CAP0122,88c96867673a5c8ff44aca1221dac465b86a3b1dbfeee1f3c9dce387598e67d3,protocol/CAP0122.csv,d967158d36094770f9db8581404f62df051b9d8112f3b10a4b2075ce5c5f41f7
CAP0123,cf52b96aec00515f587c33efcb9b67d9ef47c4a8661255ab84ff8f9a635ac6cc,captures/CAP0123.csv,1c7c56dfcde6f3f8c12173850d114106c0b66633e143ab845463a84fd15b36bd
CAP0123,cf52b96aec00515f587c33efcb9b67d9ef47c4a8661255ab84ff8f9a635ac6cc,protocol/CAP0123.csv,9eacc90c66f3e998f8b3bf41545487e700f406f512a6580c8a9c6e777799dc2c
CAP0124,150a7e4d960c5ebbb1628fee21c250efa8bbd5de4f2bfea546b5c392d5c3b82e,captures/CAP0124.csv,b79accc32db76366c00f35058df3670422957ab989b83bf7c9d35d7ba054ae41
CAP0124,150a7e4d960c5ebbb1628fee21c250efa8bbd5de4f2bfea546b5c392d5c3b82e,protocol/CAP0124.csv,215d34a2a7d0bd4d64c2fa3ecf4c45b67bb8ed9a277b4fc61f10cce7dbf8e587
CAP0125,2a9f6bc44e02b76ad252f31297335a2bfb29b6aa366ce9e7e4827e38e6776002,captures/CAP0125.csv,8b7e0f41f1da896c7e108665cab2fa10be9363906fce64db65cf1628b5d74e19
CAP0125,2a9f6bc44e02b76ad252f31297335a2bfb29b6aa366ce9e7e4827e38e6776002,protocol/CAP0125.csv,cba38c5ab28eb68c0192625764491b57a7bce5149b791a7487470512b1aa9e02
CAP0126,304af208444c99a2eb498ddf4c1e16ac81c6207610b1a004674ce7e1fc6f2d65,captures/CAP0126.csv,6079fe5b81e302dbbb1dd5030385954579afa03a73aeec6341f5f0f2b8c692d4
CAP0126,304af208444c99a2eb498ddf4c1e16ac81c6207610b1a004674ce7e1fc6f2d65,protocol/CAP0126.csv,538a070ae143b72d0a48476ed6d16cf9b3056257bdea8a3c16097bc3c81423fe
CAP0127,30f774ad10669499900719d2cbf43dbf5d2d96aaa41976a2766a1e3d4beeceed,captures/CAP0127.csv,7b4c8b9b95004ff49056cfd02bcd67b340477215eebd4d94c24d3fd7834f0728
CAP0127,30f774ad10669499900719d2cbf43dbf5d2d96aaa41976a2766a1e3d4beeceed,protocol/CAP0127.csv,387c15b06f961570fc608909db4b7e60abef3cf349d47ae1ff270e436a4fc87b
CAP0128,7c3c31d42ffa66a37ea1cfa09f91c5702d823d5b87ba3d900120190ad4745a82,captures/CAP0128.csv,ff184f0bd26ac7f050db7a173872c7aa0d3bef66760de330488ba9b55a3ee87e
CAP0128,7c3c31d42ffa66a37ea1cfa09f91c5702d823d5b87ba3d900120190ad4745a82,protocol/CAP0128.csv,a77b22238ca897f7f061cbd723829048fc3c82bd4377a5d0d7aacef7688a7f1a
CAP0129,6191c037da78600a5c285000013ea370527fe1f4b2de351b20fee1cd00779e7a,captures/CAP0129.csv,9b5b9c000756a7d329a07aef0c843f4308322a5f6e3bf3e4cbd67dee2f03abe1
CAP0129,6191c037da78600a5c285000013ea370527fe1f4b2de351b20fee1cd00779e7a,protocol/CAP0129.csv,b4c97aeb49ab467357f9f330958509d5d131320852f237536799f4e564f7d99c
CAP0130,e2c6c463d6d033679582364cb12451d94027e7e9cc2af7b2f9a048a3bc01b773,captures/CAP0130.csv,52a6df13ecf2f53305ac7c55ce5694fb99a3c23b6a2aec830d76770e01fa886f
CAP0130,e2c6c463d6d033679582364cb12451d94027e7e9cc2af7b2f9a048a3bc01b773,protocol/CAP0130.csv,4088d34600b67b4fb1d4e2a160dd43b18d5febf9b110fc9f01579e4850a40f93
CAP0131,22f639ec32edc10b5e210eecb934c7178176362a3c6d4b739e39acc31e4724c6,captures/CAP0131.csv,73e2e201e3d5c9874205b3fc2e51ba5bb41a6cadea1fd8c2e145c3fd0e6066a9
CAP0131,22f639ec32edc10b5e210eecb934c7178176362a3c6d4b739e39acc31e4724c6,protocol/CAP0131.csv,032d5ad1cd74818c19d4f329ce989e8154e65bf6a57b90c0f4ef72ed2b361c27
CAP0132,2c9ca2de02c97ccdfc34cc07e2138707bc56cc996b30eccd44e6c509a3641224,captures/CAP0132.csv,370f316a11f4f19c9d19f9889cc89f736bbbd6f881808ac80093c88117d1f465
CAP0132,2c9ca2de02c97ccdfc34cc07e2138707bc56cc996b30eccd44e6c509a3641224,protocol/CAP0132.csv,7e51de5bdd7c2517e3f825b53bdb470b8585f93f7399f312321e6150f1cb9591
CAP0133,9d1f6c0a93d7ce97663e3b2c1231d13c8f32a6faac9eed82c6006e8ac3d2ce21,captures/CAP0133.csv,e78b859690a050e9ac7cf942f771fc2c02f1d68ced0aeccf970c318c6c78559e
CAP0133,9d1f6c0a93d7ce97663e3b2c1231d13c8f32a6faac9eed82c6006e8ac3d2ce21,protocol/CAP0133.csv,ad4217258e967e8391568e8b5a71170a76bed2933cc9077e7fa2c04d88596671
CAP0134,b77abf9d25a31c44f0a1cadb2d4a6ed710bd0c4ade732deac3a9d45f0f26381a,captures/CAP0134.csv,3903ed3ea9fbd72db8a66e5daab5fa5111660dee3665f619fba9a2c0f9f19980
CAP0134,b77abf9d25a31c44f0a1cadb2d4a6ed710bd0c4ade732deac3a9d45f0f26381a,protocol/CAP0134.csv,b1fe9612d8ba22eae9a6f4bbe539f4ea736547b9f99e4f29ba7b5929eef7a599
CAP0135,173c1583426585b7fc4b8f23b5d50f99c8d0821344eb1cbdd96414d30e8e16d8,captures/CAP0135.csv,7efaf6292fdcf634294d90d5c906ee57c88752783123a21bccc9e645f75d115e
CAP0135,173c1583426585b7fc4b8f23b5d50f99c8d0821344eb1cbdd96414d30e8e16d8,protocol/CAP0135.csv,124fd9c6c1dda015ea8f33135cdde47f91fe6bbc365cf68437f304175f6ef0de
CAP0136,e9207ff141ed1359507a15b3775a6f60fd49392fa8d6d59536427a1bddf27136,captures/CAP0136.csv,51a9ca0622d750d8e3ceffb84b11cf66993626475df44c84b3785fd6bf093163
CAP0136,e9207ff141ed1359507a15b3775a6f60fd49392fa8d6d59536427a1bddf27136,protocol/CAP0136.csv,adf70c46439a3edaa39440fc5e645047668191e81b98e14f436eabaff2ece268
CAP0137,a32bebab62dafd04e26c5cd340db9f1896c2512c2adb1f7956e0c50d08e1fe21,captures/CAP0137.csv,4eb408221883ca87dc5c1fbc4ce21f7d7c37503881e103b6831f1d24b3a0ce4d
CAP0137,a32bebab62dafd04e26c5cd340db9f1896c2512c2adb1f7956e0c50d08e1fe21,protocol/CAP0137.csv,7182457d10d97dec3a760d20344ad119ac3aca3807ccfefda1988f0d2c66454c
CAP0138,ef6a468ad0d12abf8063cc28050163add27a7a39ee4d068463157bae447b0297,captures/CAP0138.csv,21f51e7a3c229e606594f094a2de007885c28f011003781026e7ef56be862cb2
CAP0138,ef6a468ad0d12abf8063cc28050163add27a7a39ee4d068463157bae447b0297,protocol/CAP0138.csv,2a11ba2aa22e2d82aa881036ea240f081c72c429cc29c166b6c1160fcac831a8
CAP0139,0b81e7f8cf9d70f5c03e8f3cf3f5f953324e97c8d4fe29991922b154bcf5e74b,captures/CAP0139.csv,fbb8f19d3c9eacca2bd07b0a32b4897a8b2974daece493e27d202d511406e769
CAP0139,0b81e7f8cf9d70f5c03e8f3cf3f5f953324e97c8d4fe29991922b154bcf5e74b,protocol/CAP0139.csv,fa2c2f99d1e43d874c6f409257f56ecfd42ac56471398bd0c92ae4853de7141f
CAP0140,25bec9a2b6e3e05b63e8ce43eb08db8b7f4b36e533a67381cd7485f68469a716,captures/CAP0140.csv,55c28ca51e47d217a49bb9ae0b93a0e1d2512f2f4e64083f94f2329faa8e7782
CAP0140,25bec9a2b6e3e05b63e8ce43eb08db8b7f4b36e533a67381cd7485f68469a716,protocol/CAP0140.csv,96d57eaf0521acf44e4de5c99ea96cd882c87f618ded0bff075c225787d42965
CAP0141,ee7eb1135e7964a3ccb185d6ae61ef62b620316591c29cbb21536eddbf9607c4,captures/CAP0141.csv,7112e4f2cca86a83116d453dc3f9820508debe9fa10bb843315334431f6ae46d
CAP0141,ee7eb1135e7964a3ccb185d6ae61ef62b620316591c29cbb21536eddbf9607c4,protocol/CAP0141.csv,7d95fb747a0af5beb5726a763279026ef0ec1ad3a7376ae5563aed058f68a138
CAP0142,862c949edbb21b5067f83d7ce634c32ec3b0b6eb605d4595f051f7f1c2d79ce2,captures/CAP0142.csv,45f24aa6bcb2b327768fad703dce4ed08ec2a9188c3b82b2e708dd6761844cae
CAP0142,862c949edbb21b5067f83d7ce634c32ec3b0b6eb605d4595f051f7f1c2d79ce2,protocol/CAP0142.csv,16123134c1b53a64aeac150eb3bf8a2503ee4cad698e512472c38866d017b2e4
CAP0143,39b935be8d3c7c389b7223acea75c3d3ec2fb7b8025d099915a369726cea1ae0,captures/CAP0143.csv,78af5aef15a69d3fe0509d2b246893f49aaaa83bd15a495ce9f55c2adae0b6e7
CAP0143,39b935be8d3c7c389b7223acea75c3d3ec2fb7b8025d099915a369726cea1ae0,protocol/CAP0143.csv,646e33739c9c038d11a455d02b620e629de47813d27266e9b327baeaf2cc3aaa
CAP0144,972286c4054a77e275029ddb1057164dfbb6f481226efbc62d199cfaa93de1f3,captures/CAP0144.csv,d96532627ac8b6c5412842ada0c8519481c2819a72867428ba795feed80cf745
CAP0144,972286c4054a77e275029ddb1057164dfbb6f481226efbc62d199cfaa93de1f3,protocol/CAP0144.csv,919579c8524b161584599c0437e12f8a11997f6c293c0a1f854c198149907d7c
CAP0145,5eb32b19748c94bf2e77e2323bc3d4b7fd6a9bd7b5252fd8a94b1a773dfabab3,captures/CAP0145.csv,88feffbfdb6095a4c4a2bf4f16431a9972fc374e9516c8a165a487e4cf82acc9
CAP0145,5eb32b19748c94bf2e77e2323bc3d4b7fd6a9bd7b5252fd8a94b1a773dfabab3,protocol/CAP0145.csv,d1cd5972d4ecf213d4e206ff4b97eac0dbec54aff89b440dc57e7ad76ed04ee3
CAP0146,b9877a2b8c35a5bb6622e7fa85acd677bd515edcebfe75332e0474e56d6aedaa,captures/CAP0146.csv,88feffbfdb6095a4c4a2bf4f16431a9972fc374e9516c8a165a487e4cf82acc9
CAP0146,b9877a2b8c35a5bb6622e7fa85acd677bd515edcebfe75332e0474e56d6aedaa,protocol/CAP0146.csv,ef675cbafb5af18e2e50e2d951e9b5963120633c1a324cec1b6515f89bdcbe93
CAP0147,bdfe4215eb0d9d6db5b8f301c482c34669bc43187042d38999e7e8adba3c850f,captures/CAP0147.csv,88feffbfdb6095a4c4a2bf4f16431a9972fc374e9516c8a165a487e4cf82acc9
CAP0147,bdfe4215eb0d9d6db5b8f301c482c34669bc43187042d38999e7e8adba3c850f,protocol/CAP0147.csv,6bf5a4b0a861363dcdbf2ce0fbb32a0c580f42faacfb966a612395d193894c8a
